Model,Precision,Recall,F1,AUC,MSE,Pearson,Optimal_Threshold,Time_ms
custom_only,1.0,0.1163,0.2083,0.9344,0.0824,0.6273,0.8099999999999999,0.04
multilingual_baseline,0.344,1.0,0.5119,0.8792,0.3898,0.5657,0.6,1635.76
finetuned_minilm,1.0,0.8837,0.9383,0.9997,0.0092,0.9671,0.31,164.68
hybrid_approved,1.0,0.1279,0.2268,0.9344,0.0819,0.6293,0.8099999999999999,0.77
