type,base_similarity,small_ft_similarity,large_ft_similarity
heavy_paraphrase,0.9320310924364172,0.7207400176836096,0.8745722096899281
identical,1.0000000071525574,0.9999999904632568,1.000000033378601
light_paraphrase,0.8976694544156393,0.8758529350161552,0.8819002583622932
unrelated,0.5970934677124023,-0.03826882150024176,0.059590363539755345
